Pillar,Dimension,Indicator,Size,Info
Pillar 1: Data Use,Dimension 1.1: Data use by national legislature,No indicators currently available,1,No indicators currently available for this dimension.
Pillar 1: Data Use,Dimension 1.2: Data use by national executive branch,No indicators currently available,1,No indicators currently available for this dimension.
Pillar 1: Data Use,Dimension 1.3: Data use by civil society,No indicators currently available,1,No indicators currently available for this dimension.
Pillar 1: Data Use,Dimension 1.4: Data use by academia,No indicators currently available,1,No indicators currently available for this dimension.
Pillar 1: Data Use,Dimension 1.5: Data use by international organisations,"Indicator 1.5.2: Availability of Mortality rate, under-5 (per 1,000 live births) data meeting quality standards according to UN IGME",1,"Indicator ID: SPI.D1.5.CHLD.MORT
Scoring: 1 Point. At least three indicators that met UN IGME standards within past 5 years. 0.67 Points. Two indicators that met UN IGME standards within past 5 years. 0.33 Points. One indicators that met UN IGME standards within past 5 years 0 Points. None within past 5 years
Abbreviation: CHLD.MORT
Child Mortality Metadata from UN IGME"
Pillar 1: Data Use,Dimension 1.5: Data use by international organisations,Indicator 1.5.3: Quality of Debt service data according to World Bank,1,"Indicator ID: SPI.D1.5.DT.TDS.DPPF.XP.ZS
Scoring: 1 Points. Actual value. 0.67 Points. Preliminary value 0.33 Points. Estimated value. 0 Points. No value
Abbreviation: DT.TDS.DPPF.XP.ZS
Debt Reporting Metadata from World Bank"
Pillar 1: Data Use,Dimension 1.5: Data use by international organisations,Indicator 1.5.5: Labor force participation rate by sex and age (%),1,"Indicator ID: SPI.D1.5.LFP
Scoring: 1 Point. Country has a labor force survey based estimate in past 5 years of labor force participation broken down by total, male, and female & estimated value from ILO is within 10 percentage points of value reported by national government. 
 
 0.5 Point. Country has labor force survey or is within 10 points of ILO, but not both 
 
 0 Points. Otherwise
Abbreviation: LFP
Labor force participation data for use by ILO"
Pillar 1: Data Use,Dimension 1.5: Data use by international organisations,Indicator 1.5.1: Availability of Comparable Poverty headcount ratio at $2.15 a day,1,"Indicator ID: SPI.D1.5.POV
Scoring: 1 Point. Comparable data lasting at least two years within past 5 years.  0 Points. No comparable data within past 5 years
Abbreviation: POV
Comparability data from World Bank's Povcalnet"
Pillar 1: Data Use,Dimension 1.5: Data use by international organisations,Indicator 1.5.4: Safely Managed Drinking Water,1,"Indicator ID: SPI.D1.5.SAFE.MAN.WATER
Scoring: 1 Point. At least two estimates, with breakdowns for urban/rural areas, within an 8 year window 
 
  0.5 Points. At least two estimates, but not an urban/rural breakdown, within an 8 year window 
 
  0 Points. Otherwise
Abbreviation: SAFE.MAN.WATER
Availability of Safely Managed Drinking Water data for use by JMP"
Pillar 2: Data Services,Dimension 2.1: Data releases,Indicator 2.1.1: SDDS/e-GDDS subscription,1,"Indicator ID: SPI.D2.1.GDDS
Scoring: Point. Subscribing to IMF SDDS+ or SDDS standards 0.5 Points. Subscribing to IMF e-GDDS standards. 0 Points. Otherwise
Abbreviation: GDDS
The Special Data Dissemination Standard (SDDS) and electronic General Data Dissemination Standard (e-GDDS) were established by the International Monetary Fund (IMF) for member countries that have or that might seek access to international capital markets, to guide them in providing their economic and financial data to the public.  Although subscription is voluntary, the subscribing member needs to be committed to observing the standard and provide information about its data and data dissemination practices (metadata).  The metadata are posted on the IMF’s SDDS and e-GDDS websites."
Pillar 2: Data Services,Dimension 2.2: Online access,Indicator 2.2.4: Download Options Score,1,"Indicator ID: SPI.D2.2.Download.options
Scoring: Our source for this indicator is Open Data Watch.  Scores range from 0-1.  For more details, consult the ODIN technical documentation.
Abbreviation: Download.options
Download Options Score"
Pillar 2: Data Services,Dimension 2.2: Online access,Indicator 2.2.2: Machine Readability Score,1,"Indicator ID: SPI.D2.2.Machine.readable
Scoring: Our source for this indicator is Open Data Watch.  Scores range from 0-1.  For more details, consult the ODIN technical documentation.
Abbreviation: Machine.readable
Machine Readability Score"
Pillar 2: Data Services,Dimension 2.2: Online access,Indicator 2.2.5: Metadata Available Score,1,"Indicator ID: SPI.D2.2.Metadata.available
Scoring: Our source for this indicator is Open Data Watch.  Scores range from 0-1.  For more details, consult the ODIN technical documentation.
Abbreviation: Metadata.available
Metadata Available Score"
Pillar 2: Data Services,Dimension 2.2: Online access,Indicator 2.2.3: Non-Proprietary format Score,1,"Indicator ID: SPI.D2.2.Non.proprietary
Scoring: Our source for this indicator is Open Data Watch.  Scores range from 0-1.  For more details, consult the ODIN technical documentation.
Abbreviation: Non.proprietary
Non-Proprietary format Score"
Pillar 2: Data Services,Dimension 2.2: Online access,Indicator 2.2.1: ODIN Open Data Openness score,1,"Indicator ID: SPI.D2.2.Openness.subscore
Scoring: Our source for this indicator is Open Data Watch.  Scores range from 0-1.  For more details, consult the ODIN technical documentation.
Abbreviation: Openness.subscore
ODW Openness score"
Pillar 2: Data Services,Dimension 2.2: Online access,Indicator 2.2.6: Terms of Use Score,1,"Indicator ID: SPI.D2.2.Terms.of.use
Scoring: Our source for this indicator is Open Data Watch.  Scores range from 0-1.  For more details, consult the ODIN technical documentation.
Abbreviation: Terms.of.use
Terms of Use Score"
Pillar 2: Data Services,Dimension 2.3: Advisory/ Analytical Services,Indicator 2.3.1: NSO Website,1,"Indicator ID: SPI.D2.3.DSAS
Scoring: No established methodology.
Abbreviation: DSAS
New indicator of number of non-recurring products on NSO website (ad hoc/experimental rather than regular releases). The indicator is the number of products found."
Pillar 2: Data Services,Dimension 2.4: Data access services,Indicator 2.4.1: NADA metadata,1,"Indicator ID: SPI.D2.4.NADA
Scoring: 1 Point. Yes, available. 0 Points. No
Abbreviation: NADA
NADA/NSO websites.  Statistical systems must be open and transparent about their methods and procedures and provide access to adequate metadata – detailed descriptions of the methods and procedures used to produce the data."
Pillar 3: Data Products,Dimension 3.1: Social Statistics,Indicator 3.1.4: GOAL 4: Quality Education,1,"Indicator ID: SPI.D3.1.EDUC
Scoring: Fraction of Indicators in Goal 4 with value produced by countries statistical system
Abbreviation: EDUC
SDG Goal 4 data availability.  Source: UN Global SDG Indicators Database"
Pillar 3: Data Products,Dimension 3.1: Social Statistics,Indicator 3.1.5: GOAL 5: Gender Equality,1,"Indicator ID: SPI.D3.1.GEND
Scoring: Fraction of Indicators in Goal 5 with value produced by countries statistical system
Abbreviation: GEND
SDG Goal 5 data availability.  Source: UN Global SDG Indicators Database"
Pillar 3: Data Products,Dimension 3.1: Social Statistics,Indicator 3.1.3: GOAL 3: Good Health and Well-being,1,"Indicator ID: SPI.D3.1.HLTH
Scoring: Fraction of Indicators in Goal 3 with value produced by countries statistical system
Abbreviation: HLTH
SDG Goal 3 data availability.  Source: UN Global SDG Indicators Database"
Pillar 3: Data Products,Dimension 3.1: Social Statistics,Indicator 3.1.2: GOAL 2: Zero Hunger,1,"Indicator ID: SPI.D3.1.HNGR
Scoring: Fraction of Indicators in Goal 2 with value produced by countries statistical system
Abbreviation: HNGR
SDG Goal 2 data availability.  Source: UN Global SDG Indicators Database"
Pillar 3: Data Products,Dimension 3.1: Social Statistics,Indicator 3.1.1: GOAL 1: No Poverty,1,"Indicator ID: SPI.D3.1.POV
Scoring: Fraction of Indicators in Goal 1 with value produced by countries statistical system
Abbreviation: POV
SDG Goal 1 data availability.  Source: UN Global SDG Indicators Database"
Pillar 3: Data Products,Dimension 3.1: Social Statistics,Indicator 3.1.6: GOAL 6: Clean Water and Sanitation,1,"Indicator ID: SPI.D3.1.WTRS
Scoring: Fraction of Indicators in Goal 6 with value produced by countries statistical system
Abbreviation: WTRS
SDG Goal 6 data availability.  Source: UN Global SDG Indicators Database"
Pillar 3: Data Products,Dimension 3.2: Economic Statistics,Indicator 3.2.5: GOAL 11: Sustainable Cities and Communities,1,"Indicator ID: SPI.D3.2.CITY
Scoring: Fraction of Indicators in Goal 11 with value produced by countries statistical system
Abbreviation: CITY
SDG Goal 11 data availability.  Source: UN Global SDG Indicators Database"
Pillar 3: Data Products,Dimension 3.2: Economic Statistics,Indicator 3.2.6: GOAL 12: Responsible Consumption and Production,1,"Indicator ID: SPI.D3.2.CNSP
Scoring: Fraction of Indicators in Goal 12 with value produced by countries statistical system
Abbreviation: CNSP
SDG Goal 12 data availability.  Source: UN Global SDG Indicators Database"
Pillar 3: Data Products,Dimension 3.2: Economic Statistics,Indicator 3.2.1: GOAL 7: Affordable and Clean Energy,1,"Indicator ID: SPI.D3.2.ENRG
Scoring: Fraction of Indicators in Goal 7 with value produced by countries statistical system
Abbreviation: ENRG
SDG Goal 7 data availability.  Source: UN Global SDG Indicators Database"
Pillar 3: Data Products,Dimension 3.2: Economic Statistics,"Indicator 3.2.3: GOAL 9: Industry, Innovation and Infrastructure",1,"Indicator ID: SPI.D3.2.INDY
Scoring: Fraction of Indicators in Goal 9 with value produced by countries statistical system
Abbreviation: INDY
SDG Goal 9 data availability.  Source: UN Global SDG Indicators Database"
Pillar 3: Data Products,Dimension 3.2: Economic Statistics,Indicator 3.2.4: GOAL 10: Reduced Inequality,1,"Indicator ID: SPI.D3.2.NEQL
Scoring: Fraction of Indicators in Goal 10 with value produced by countries statistical system
Abbreviation: NEQL
SDG Goal 10 data availability.  Source: UN Global SDG Indicators Database"
Pillar 3: Data Products,Dimension 3.2: Economic Statistics,Indicator 3.2.2: GOAL 8: Decent Work and Economic Growth,1,"Indicator ID: SPI.D3.2.WORK
Scoring: Fraction of Indicators in Goal 8 with value produced by countries statistical system
Abbreviation: WORK
SDG Goal 8 data availability.  Source: UN Global SDG Indicators Database"
Pillar 3: Data Products,Dimension 3.3: Environmental Studies,Indicator 3.3.1: GOAL 13: Climate Action,1,"Indicator ID: SPI.D3.3.CLMT
Scoring: Fraction of Indicators in Goal 13 with value produced by countries statistical system
Abbreviation: CLMT
SDG Goal 13 data availability.  Source: UN Global SDG Indicators Database"
Pillar 3: Data Products,Dimension 3.3: Environmental Studies,Indicator 3.3.3: GOAL 15: Life on Land,1,"Indicator ID: SPI.D3.3.LAND
Scoring: Fraction of Indicators in Goal 15 with value produced by countries statistical system
Abbreviation: LAND
SDG Goal 15 data availability.  Source: UN Global SDG Indicators Database"
Pillar 3: Data Products,Dimension 3.3: Environmental Studies,Indicator 3.3.2: GOAL 14: Life Below Water,1,"Indicator ID: SPI.D3.3.LFWT
Scoring: Fraction of Indicators in Goal 14 with value produced by countries statistical system
Abbreviation: LFWT
SDG Goal 14 data availability.  Source: UN Global SDG Indicators Database"
Pillar 3: Data Products,Dimension 3.4: Institutional Statistics,Indicator 3.4.1: GOAL 16: Peace and Justice Strong Institutions,1,"Indicator ID: SPI.D3.4.INST
Scoring: Fraction of Indicators in Goal 16 with value produced by countries statistical system
Abbreviation: INST
SDG Goal 16 data availability.  Source: UN Global SDG Indicators Database"
Pillar 3: Data Products,Dimension 3.4: Institutional Statistics,Indicator 3.4.2: GOAL 17: Partnerships to achieve the Goal,1,"Indicator ID: SPI.D3.4.PTNS
Scoring: Fraction of Indicators in Goal 17 with value produced by countries statistical system
Abbreviation: PTNS
SDG Goal 17 data availability.  Source: UN Global SDG Indicators Database"
Pillar 4: Data Sources,Dimension 4.1: Censuses,No indicators currently available,1,No indicators currently available for this dimension.
Pillar 4: Data Sources,Dimension 4.1: Surveys,No indicators currently available,1,No indicators currently available for this dimension.
Pillar 4: Data Sources,Dimension 4.1: Censuses and Surveys,Indicator 4.1.2: Agriculture census,1,"Indicator ID: SPI.D4.1.AGRI
Scoring: 1 Point. census done within last 10 years. 0.5 Points. census done within last 20 years. 0 Points. Otherwise
Abbreviation: AGRI
Agriculture censuses collect information on agricultural activities, such as size of holding, land tenure, land use, employment and production, and provide basic structural data and sampling frames for agricultural surveys.  Censuses of agriculture normally involves collecting key structural data by complete enumeration of all agricultural holdings, in combination with more detailed structural data using sampling methods.  It is recommended that agricultural censuses be conducted at least every 10 years."
Pillar 4: Data Sources,Dimension 4.1: Censuses and Surveys,Indicator 4.1.5: Agriculture survey,1,"Indicator ID: SPI.D4.1.AGSVY
Scoring: 1 Point. 3 or more surveys done within past 10 years. 0.6 Points. 2 surveys done within past 10 years. 0.3 Points. 1 survey done within past 10 years. 0 Points. None within past 10 years
Abbreviation: AGSVY
Agricultural surveys refer to surveys of agricultural holdings based on the sampling frames established by the agricultural census.  These are surveys on agricultural land, production, crops and livestock, aquaculture, labor and cost, and time use.  Some issues, such as gender and food security, are of interest to most agriculture surveys."
Pillar 4: Data Sources,Dimension 4.1: Censuses and Surveys,Indicator 4.1.3: Business/establishment census,1,"Indicator ID: SPI.D4.1.BIZZ
Scoring: 1 Point. census done within last 10 years. 0.5 Points. census done within last 20 years. 0 Points. Otherwise
Abbreviation: BIZZ
Business/establishment censuses provide valuable information on all economic activities, number of employed and size of establishments in the economy.  Business Register information is establishment-based and includes business location, organization type (e.g. subsidiary or parent), industry classification, and operating data (e.g., receipts and employment)."
Pillar 4: Data Sources,Dimension 4.1: Censuses and Surveys,Indicator 4.1.8: Business/establishment survey,1,"Indicator ID: SPI.D4.1.BZSVY
Scoring: 1 Point. 3 or more surveys done within past 10 years. 0.6 Points. 2 surveys done within past 10 years. 0.3 Points. 1 survey done within past 10 years. 0 Points. None within past 10 years
Abbreviation: BZSVY
The business/establishment survey provides information on employment, hours, and earnings of employees from a sample of business establishments including private and public, entities that are classified based on an establishment's principal activity from the business or establishment census.  Establishment surveys include surveys of businesses, farms, and institutions.  They may ask for information about the establishment itself and/or employee characteristics and demographics."
Pillar 4: Data Sources,Dimension 4.1: Censuses and Surveys,Indicator 4.1.7: Health/Demographic survey,1,"Indicator ID: SPI.D4.1.HLTH
Scoring: 1 Point. 3 or more surveys done within past 10 years. 0.6 Points. 2 surveys done within past 10 years. 0.3 Points. 1 survey done within past 10 years. 0 Points. None within past 10 years
Abbreviation: HLTH
Health surveys collect information on various aspects of health of populations, such as health expenditure, access, utilization, and outcomes.  They typically include Demographic and Health Surveys.  It is recommended that health surveys be conducted at least every 3 to 5 years."
Pillar 4: Data Sources,Dimension 4.1: Censuses and Surveys,"Indicator 4.1.4: Household Survey on income, etc",1,"Indicator ID: SPI.D4.1.HOUS
Scoring: 1 Point. 3 or more surveys done within past 10 years. 0.6 Points. 2 surveys done within past 10 years. 0.3 Points. 1 survey done within past 10 years. 0 Points. None within past 10 years
Abbreviation: HOUS
These surveys collect data on household income (including income in kind), consumption and expenditure.  They typically include income, expenditure, and consumption surveys, household budget surveys, integrated surveys.  It is recommended that surveys on income and expenditure be conducted at least every 3 to 5 years."
Pillar 4: Data Sources,Dimension 4.1: Censuses and Surveys,Indicator 4.1.6: Labor Force Survey,1,"Indicator ID: SPI.D4.1.LABR
Scoring: 1 Point. 3 or more surveys done within past 10 years. 0.6 Points. 2 surveys done within past 10 years. 0.3 Points. 1 survey done within past 10 years. 0 Points. None within past 10 years
Abbreviation: LABR
Labor force survey is a standard household-based survey of work-related statistics at the national and sub-national employment or unemployment levels, rates or trends.  The surveys also provide the characteristics of the employed or unemployed, including labor force status by age or gender, breakdowns between employees and the self-employed, public versus private sector employment, multiple job-holding, hiring, job creation, and duration of unemployment."
Pillar 4: Data Sources,Dimension 4.1: Censuses and Surveys,Indicator 4.1.1: Population & Housing census,1,"Indicator ID: SPI.D4.1.POPU
Scoring: 1 Point. Population census done within last 10 years. 0.5 Points. Population census done within last 20 years. 0 Points. Otherwise
Abbreviation: POPU
Population censuses collect data on the size, distribution and composition of population and information on a broad range of social and economic characteristics of the population.  It also provides sampling frames for household and other surveys.  Housing censuses provide information on the supply of housing units, the structural characteristics and facilities, and health and the development of normal family living conditions.  Data obtained as part of the population census, including data on homeless persons, are often used in the presentation and analysis of the results of the housing census.  It is recommended that population and housing censuses be conducted at least every 10 years."
Pillar 4: Data Sources,Dimension 4.2: Administrative Data,Indicator 4.2.3: CRVS (WDI),1,"Indicator ID: SPI.D4.2.CRVS
Scoring: Birth registrations 90% complete and death registration 75% complete according to UNSD.
Abbreviation: CRVS
Civil Registration and Vital Statistics (CRVS) complete"
Pillar 4: Data Sources,Dimension 4.2: Administrative Data,Indicator 4.2.2: Education (UNESCO),1,"Indicator ID: SPI.D4.2.EDU
Scoring: In order to score this indicator, we calculate the fraction of the indicators that were produced in a country in a year. In order to smooth out variation from year to year in reporting or conducting national assessments, we take a moving 5 year average.
Abbreviation: EDU
Administrative of nationally representative learning assessment"
Pillar 4: Data Sources,Dimension 4.2: Administrative Data,Indicator 4.2.4: Labor Admin (ILO),1,"Indicator ID: SPI.D4.2.LBR
Scoring: To produce a score, we calculate the percentage of six admin sources that are available for a country in a given year. In order to smooth out gaps in reporting, we take a moving 5 year average of the score.
Abbreviation: LBR
Administrative data available for labor statistics from ILO databases"
Pillar 4: Data Sources,Dimension 4.2: Administrative Data,Indicator 4.2.1: Social Protection Admin (ASPIRE),1,"Indicator ID: SPI.D4.2.SPL
Scoring: Scoring is 1 if administrative data is available to produce beneficiary counts or expenditures for any social protection and labor program, 0 otherwise. In order to smooth out gaps in reporting, we take a moving 5 year average of the score.
Abbreviation: SPL
Administrative data available on social protection programs from ASPIRE (World Bank) databases"
Pillar 4: Data Sources,Dimension 4.3: Geospatial Data,Indicator 4.3.1: Geospatial data available at 1st Admin Level,1,"Indicator ID: SPI.D4.3.GEO.first.admin.level
Scoring: Our source for this indicator is Open Data Watch.  Indicator is whether data available at first administrative data level.  Scores range from 0-100.  For more details, consult the ODIN technical documentation.
Abbreviation: GEO.first.admin.level
Indicator data availability at sub-national levels"
Pillar 4: Data Sources,Dimension 4.4: Private/citizen generated data,Indicator 4.4.1: NSO Website,1,"Indicator ID: SPI.D4.4.SOPC
Scoring: 
Abbreviation: SOPC
New indicator based on references to private/citizen generated data in metadata relating to content on NSO website"
Pillar 5: Data Infrastructure,Dimension 5.1: Legislation and governance,Indicator 5.1.1: Legislation Indicator based on PARIS21 indicators on SDG 17.18.2,1,"Indicator ID: SPI.D5.1.DILG
Scoring: Scores is 1 if the country has a national statistical legislation compliant with United Nations Fundamental Principles of Statistics. Scores of 0 or scores with missing values are treated the same (both given a score of zero).
Abbreviation: DILG
Based on PARIS21 indicators on SDG 17.18.2 (national statistical legislation compliance with UN Fundamental Principles of Official Statistics), existence of National Statistical Council, national statistical strategy generation, national statistical plan. Also include some other legislative aspects that foster good use of statistics eg freedom of information, privacy/transparency, good governance (eg free and fair elections)."
Pillar 5: Data Infrastructure,Dimension 5.2: Standards and Methods,Indicator 5.2.7: Central government accounting status,1,"Indicator ID: SPI.D5.2.CGOV
Scoring: 1 Point. Consolidated central government accounting follows noncash recording basis. 0.5 Points. Consolidated central government accounting follows cash recording basis. 0 Points. Otherwise
Abbreviation: CGOV
Government finance accounting status refers to the accounting basis for reporting central government financial data.  For many countries’ government finance data, have been consolidated into one set of accounts capturing all the central government’s fiscal activities and following noncash recording basis.  Budgetary central government accounts do not necessarily include all central government units, the picture they provide of central government activities is usually incomplete."
Pillar 5: Data Infrastructure,Dimension 5.2: Standards and Methods,Indicator 5.2.3: Classification of national industry,1,"Indicator ID: SPI.D5.2.CNIN
Scoring: 1 Point. Latest version is adopted (ISIC Rev 4, NACE Rev 2 or a compatible classification). 0.5 Points. Previous version is used (ISIC Rev 3, NACE Rev 1 or a compatible classification). 0 Points. Otherwise
Abbreviation: CNIN
The industrial production data are compiled using the International Standard Industrial Classification of All Economic Activities (ISIC) Rev.4 and Statistical Classification of Economic Activities in the European Community (NACE) Rev.2.  ISIC Rev.4 is a standard classification of economic activities arranged so that entities can be classified per the activity they carry out using criteria such as input, output and use of the products produced, more emphasis has been given to the character of the production process in defining and delineating ISIC classes for international comparability.  The manual and classification have changed to cover the complete scope of industrial production, employment, and GDP and other statistical areas."
Pillar 5: Data Infrastructure,Dimension 5.2: Standards and Methods,Indicator 5.2.4: CPI base year,1,"Indicator ID: SPI.D5.2.CPIBY
Scoring: 1 Point. Annual chain linking. 0.5 Points. Base year in last 10 years. 0 points. Otherwise
Abbreviation: CPIBY
Consumer Price Index serves as indicators of inflation and reflects changes in the cost of acquiring a fixed basket of goods and services by the average consumer.  Weights are usually derived from consumer expenditure surveys and the CPI base year refers to the year the weights were derived.  It is recommended that the base year be changed periodically to reflect changes in expenditure structure."
Pillar 5: Data Infrastructure,Dimension 5.2: Standards and Methods,Indicator 5.2.6: Classification of status of employment,1,"Indicator ID: SPI.D5.2.EMPL
Scoring: 1 Point. Follow International Labour Organization, International Classification of Status in Employment (ICSE-93) or 2012 North American Industry Classification System (NAICS). 0 Points Otherwise.
Abbreviation: EMPL
Classification of status of employment refers to employment data that are compiled using the current international standard International Classification of Status in Employment (ISCE-93).  It classifies jobs with respect to the type of explicit or implicit contract of employment between the job holder and the economic unit in which he or she is employed.  Therefore, it aims to provide the basis for production of internationally comparable statistics on the employment relationship, including the distinction between salaried employment and self-employment."
Pillar 5: Data Infrastructure,Dimension 5.2: Standards and Methods,Indicator 5.2.8: Compilation of government finance statistics,1,"Indicator ID: SPI.D5.2.FINA
Scoring: 1 Point. Follow the latest Government Finance Statistical Manual (2014)/ ESA2010. 0.5 Points. Previous version is used (GFSM 2001). 0 Points. Otherwise
Abbreviation: FINA
Compilation of government finance statistics refers to the Government Finance Statistics Manual (GFSM) in use for compiling the data.  It provides guidelines on the institutional structure of governments and the presentation of fiscal data in a format similar to business accounting with a balance sheet and income statement plus guidelines on the treatment of exchange rate and other valuation adjustments.  The latest manual GFSM2014 is harmonized with the SNA2008."
Pillar 5: Data Infrastructure,Dimension 5.2: Standards and Methods,Indicator 5.2.10: Business process,1,"Indicator ID: SPI.D5.2.GSBP
Scoring: 1 Point. GSBPM is in use. 0 Points. Otherwise
Abbreviation: GSBP
The Generic Statistical Business Process Model (GSBPM) aims to describe statistics production in a general and process-oriented way.  It is used both within and between statistical offices as a common basis for work with statistics production in different ways, such as quality, efficiency, standardization, and process-orientation.  It is used for all types of surveys, and """"""""business"""""""" is not related to """"""""business statistics"""""""" but refers to the statistical office, simply expressed."
Pillar 5: Data Infrastructure,Dimension 5.2: Standards and Methods,Indicator 5.2.5: Classification of household consumption,1,"Indicator ID: SPI.D5.2.HOUS
Scoring: 1 Point. Follow Classification of Individual Consumption by Purpose (COICOP). 0 Points. Otherwise
Abbreviation: HOUS
Classification of Individual Consumption According to Purpose (COICOP) is used in household budget surveys, consumer price indices and international comparisons of gross domestic product (GDP) and its component expenditures.  Although COICOP is not strictly linked to any particular model of consumer behavior, the classification is designed to broadly reflect differences in income elasticities.  It is an integral part of the SNA1993 and more detailed subdivision of the classes provide comparability between countries and between statistics in these different areas."
Pillar 5: Data Infrastructure,Dimension 5.2: Standards and Methods,Indicator 5.2.9: Compilation of monetary and financial statistics,1,"Indicator ID: SPI.D5.2.MONY
Scoring: 1 Point. Follow the latest Monetary and Finance Statistics Manual (2000) or Monetary and Finance Statistics: Compilation Guide (2008/2016). 0 Points. Otherwise
Abbreviation: MONY
Compilation of monetary and financial statistics refers to the Monetary and Financial Statistics Manual (MFSM) in use.  It covers concepts, definitions, classifications of financial instruments and sectors, and accounting rules, and provides a comprehensive analytic framework for monetary and financial planning and policy determination.  The Monetary and Finance Statistics: Compilation Guide (2008) provides detailed guidelines for the compilation of monetary and financial statistics in addition to MFSM."
Pillar 5: Data Infrastructure,Dimension 5.2: Standards and Methods,Indicator 5.2.2: National Accounts base year,1,"Indicator ID: SPI.D5.2.NABY
Scoring: 1 point for chained price, 0.5 for reference period within past 10 years. 0 points otherwise.
Abbreviation: NABY
National accounts base year is the year used as the base period for constant price calculations in the country’s national accounts.  It is recommended that the base year of constant price estimates be changed periodically to reflect changes in economic structure and relative prices."
Pillar 5: Data Infrastructure,Dimension 5.2: Standards and Methods,Indicator 5.2.1: System of national accounts in use,1,"Indicator ID: SPI.D5.2.SNAU
Scoring: Scoring: 1 point for using SNA2008 or ESA 2010, 0.5 points for using SNA 1993 or ESA 1995. 0 points otherwise
Abbreviation: SNAU
The national accounts data are compiled using the concepts, definitions, framework, and methodology of the System of National Account 2008 (SNA2008) or European System of National and Regional Accounts (ESA 2010).  The manual has evolved to meet the changing economic structure, to follow systematic accounting and ensure international compatibility."
Pillar 5: Data Infrastructure,Dimension 5.3: Skills,Indicator 5.3.1: PARIS21 indicator on data literacy,1,"Indicator ID: SPI.D5.3.DISK
Scoring: The source is Paris 21.  Score ranges from 0 to 100.  Following the PARIS21 scoring, the score is the weighted sum of each of the four components’ scores, whose relative weight is reported in brackets: i) Basic Consideration (25%); ii) Diagnosis and quantification (24%); iii) Statistical Analysis (22%); iv) Disaggregation (29%).
Abbreviation: DISK
PARIS21 indicators such as statistical society presence and data literacy. PARIS21 may also have material on Internal skills capacity and numbers of statistically qualified people in the country."
Pillar 5: Data Infrastructure,Dimension 5.4: Partnerships,Indicator 5.4.1: Partnerships,1,"Indicator ID: SPI.D5.4.DIPN
Scoring: 
Abbreviation: DIPN
New indicator based on textual analysis of NSS reports/websites for references to partner organisations."
Pillar 5: Data Infrastructure,Dimension 5.5: Finance,Indicator 5.5.1: Finance Indicator based on PARIS21 indicators on SDG 17.18.3 & SDG 17.19.1,1,"Indicator ID: SPI.D5.5.DIFI
Scoring: Scores is 1 if the country has a national statistical plan that is fully funded and under implementation. Scores of 0 or scores with missing values are treated the same (both given a score of zero).
Abbreviation: DIFI
Indicator based on PARIS21 SDG indicators (SDG 17.18.3 (national statistical plan that is fully funded and under implementation) and SDG 17.19.1 (value of resources made available to strengthen statistical capacity)). Could also incorporate indicator of NSO budget as a percentage of GDP."
